{"cameraMode":{"drawMode":0,"name":"Shaded","section":"Shading Mode"},"sceneLighting":true,"audioPlay":false,"sceneViewState":{"m_AlwaysRefresh":false,"showFog":true,"showSkybox":true,"showFlares":true,"showImageEffects":true,"showParticleSystems":true,"showVisualEffectGraphs":true,"m_FxEnabled":true},"in2DMode":false,"pivot":{"x":2.2085256576538088,"y":-0.2866177558898926,"z":0.030339881777763368},"rotation":{"x":0.20319263637065888,"y":0.6673713326454163,"z":-0.19684486091136933,"w":0.6889448165893555},"size":3.765329599380493,"orthographic":false}